Word,Count
Staying,1
up,5
late,5
has,1
become,1
a,3
common,1
phenomenon,1
among,1
college,1
students,3
in,2
China,1
This,2
practice,1
can,6
have,2
both,1
positive,1
and,8
negative,1
effects,1
on,1
our,5
lives,1
Firstly,1
staying,3
often,1
occurs,1
due,1
to,9
academic,4
pressures,1
College,1
are,1
expected,1
study,2
hard,1
succeed,1
their,1
exams,1
this,1
sometimes,1
leads,1
late-night,1
sessions,1
Additionally,1
the,1
availability,1
of,2
entertainment,1
options,1
such,1
as,1
movies,1
online,1
games,1
tempt,1
stay,1
for,1
leisure,1
However,1
detrimental,1
consequences,1
Lack,1
sleep,2
lead,1
health,4
problems,1
like,2
fatigue,1
decreased,1
immunity,1
even,1
mental,2
issues,1
Furthermore,1
it,3
affect,1
performance,1
negatively,1
making,1
harder,1
concentrate,1
retain,1
information,1
In,1
conclusion,1
while,1
may,1
seem,1
way,2
cope,1
with,1
stress,1
or,1
enjoy,1
free,1
time,2
is,1
essential,1
strike,1
balance,1
We,1
should,1
prioritize,1
well-being,1
by,1
establishing,1
healthy,1
routines,1
management,1
strategies,1
we,1
achieve,1
success,1
without,1
compromising,1
physical,1
